"","qtdInstancias","image","nthreads","imsize","time_elapsed","per_stddev","val_stddev"
"1",1,"full",8,8192,5.144716609,0.031,0.159486214879
"2",1,"elephant",8,8192,14.979206036,0.0049,0.0733981095764
"3",1,"seahorse",8,8192,15.648717387,0.0043,0.0672894847641
"4",1,"triple_spiral",8,8192,17.090048034,0.0026,0.0444341248884
"5",2,"full",4,8192,7.113267172,0.0263,0.1870789266236
"6",2,"elephant",4,8192,26.762062591,0.0145,0.3880499075695
"7",2,"seahorse",4,8192,23.757249515,0.0063,0.1496706719445
"8",2,"triple_spiral",4,8192,28.622931053,0.0056,0.1602884138968
